{"options":{},"indexes":[{"v":{"$numberInt":"2"},"key":{"_id":{"$numberInt":"1"}},"name":"_id_","ns":"vaso.comentarios"},{"v":{"$numberInt":"2"},"key":{"usuario":{"$numberInt":"1"}},"name":"usuario_1","ns":"vaso.comentarios","background":true},{"v":{"$numberInt":"2"},"key":{"producto":{"$numberInt":"1"}},"name":"producto_1","ns":"vaso.comentarios","background":true},{"v":{"$numberInt":"2"},"key":{"comentario":{"$numberInt":"1"}},"name":"comentario_1","ns":"vaso.comentarios","background":true}],"uuid":"224ab1702a8648d7ad15eea98da625a2"}