{"options":{},"indexes":[{"v":{"$numberInt":"2"},"key":{"_id":{"$numberInt":"1"}},"name":"_id_","ns":"vaso.usuarios"},{"v":{"$numberInt":"2"},"unique":true,"key":{"nombre":{"$numberInt":"1"}},"name":"nombre_1","ns":"vaso.usuarios","background":true},{"v":{"$numberInt":"2"},"key":{"edad":{"$numberInt":"1"}},"name":"edad_1","ns":"vaso.usuarios","background":true},{"v":{"$numberInt":"2"},"key":{"ciudad":{"$numberInt":"1"}},"name":"ciudad_1","ns":"vaso.usuarios","background":true},{"v":{"$numberInt":"2"},"key":{"direccion":{"$numberInt":"1"}},"name":"direccion_1","ns":"vaso.usuarios","background":true},{"v":{"$numberInt":"2"},"key":{"correo":{"$numberInt":"1"}},"name":"correo_1","ns":"vaso.usuarios","background":true},{"v":{"$numberInt":"2"},"key":{"estrato":{"$numberInt":"1"}},"name":"estrato_1","ns":"vaso.usuarios","background":true},{"v":{"$numberInt":"2"},"key":{"contraseña":{"$numberInt":"1"}},"name":"contraseña_1","ns":"vaso.usuarios","background":true}],"uuid":"364c4e64efd948149da15fbe11dfaa91"}